날짜,종가,거래량,시가,최고가,최저가
2024-05-06,"251,274",84390250,"249,968","255,082","247,792"
2024-05-03,"246,418",75491540,"247,656","251,301","242,651"
2024-05-02,"244,814",89148040,"248,690","251,056","239,387"
2024-05-01,"244,786",92829720,"247,520","252,770","243,454"
2024-04-30,"249,261",127031800,"254,293","259,692","248,663"
2024-04-29,"263,908",243869700,"256,251","270,463","250,974"
2024-04-26,"228,874",109815700,"229,636","234,083","226,263"
2024-04-25,"231,445",126427500,"216,186","232,397","215,370"
2024-04-24,"220,497",181178000,"221,462","228,439","214,214"
2024-04-23,"196,765",124545100,"194,929","200,274","191,910"
2024-04-22,"193,188",107097600,"191,162","196,438","188,771"
2024-04-19,"199,988",87074500,"202,599","205,278","198,859"
2024-04-18,"203,905",96098830,"205,700","206,992","202,232"
2024-04-17,"211,412",82439720,"214,390","215,329","209,141"
2024-04-16,"213,670",96999960,"213,169","215,138","209,100"
2024-04-15,"219,613",100245300,"231,526","232,138","219,477"
2024-04-12,"232,628",64722670,"234,382","236,381","231,696"
2024-04-11,"237,456",94515990,"234,668","239,197","229,174"
2024-04-10,"233,594",84532410,"235,334","237,905","231,214"
2024-04-09,"240,557",103232700,"235,158","243,739","233,811"
2024-04-08,"235,253",104423300,"230,302","237,320","228,194"
2024-04-05,"224,264",143157600,"229,949","232,370","218,294"
2024-04-04,"232,710",123162000,"231,295","240,978","228,494"
2024-04-03,"228,997",82950140,"223,067","229,595","222,061"
2024-04-02,"226,617",116650600,"224,060","228,058","222,265"
2024-04-01,"238,299",81562130,"239,591","240,380","231,486"
2024-03-28,"239,074",77654840,"241,332","244,215","238,408"
2024-03-27,"244,569",81804040,"246,718","247,398","239,360"
2024-03-26,"241,631",113186200,"242,869","250,580","241,237"
2024-03-25,"234,777",74228620,"229,514","238,326","229,473"
2024-03-22,"232,329",75580640,"226,698","232,832","226,168"
2024-03-21,"235,035",73178010,"239,890","242,325","233,648"
2024-03-20,"238,898",83846730,"235,280","239,700","232,315"
2024-03-19,"232,995",77271430,"234,410","235,035","227,691"
2024-03-18,"236,368",108214400,"231,227","237,619","225,624"
2024-03-15,"222,455",97146830,"221,898","224,651","218,634"
2024-03-14,"221,000",126325700,"228,167","232,791","218,294"
2024-03-13,"230,493",106524500,"235,348","239,428","230,044"
2024-03-12,"241,454",87391680,"241,767","244,025","234,478"
2024-03-11,"241,767",85391530,"238,605","248,703","237,728"
2024-03-08,"238,462",85544640,"246,840","248,513","237,592"
2024-03-07,"242,964",102129000,"237,116","244,854","236,232"
2024-03-06,"240,094",107920900,"244,786","246,943","236,232"
2024-03-05,"245,806",119660800,"248,948","251,042","241,495"
2024-03-04,"255,870",134334900,"270,273","271,660","253,939"
2024-03-01,"275,590",82243120,"272,707","278,147","269,960"
2024-02-29,"274,557",85906970,"277,685","279,181","269,887"
2024-02-28,"274,774",99806170,"272,571","279,208","269,878"
2024-02-27,"271,633",108645400,"277,494","279,616","269,634"
2024-02-26,"271,184",111747100,"261,514","274,421","261,120"
2024-02-23,"261,079",78841920,"265,622","268,695","260,440"
2024-02-22,"268,478",92739460,"263,840","269,715","260,250"
2024-02-21,"264,887",103844000,"262,970","271,238","261,052"
2024-02-20,"263,514",104545800,"266,737","270,096","257,217"
2024-02-16,"271,932",111346700,"274,802","276,311","268,464"
2024-02-15,"272,612",120831800,"257,258","273,197","256,849"
2024-02-14,"256,646",81202990,"252,008","256,890","249,356"
2024-02-13,"250,267",86759480,"250,226","254,674","247,668"
2024-02-12,"255,857",95498600,"261,270","264,833","254,701"
2024-02-09,"263,255",84476350,"258,645","264,003","257,693"
2024-02-08,"257,802",83034040,"257,040","260,599","252,389"
2024-02-07,"255,109",111535200,"255,925","258,114","248,445"
2024-02-06,"251,736",122676000,"241,006","253,626","240,870"
2024-02-05,"246,242",134294400,"250,594","251,165","238,014"
2024-02-02,"255,558",110612700,"251,654","256,618","247,520"
2024-02-01,"256,850",91843280,"256,360","258,237","250,621"
2024-01-31,"254,714",103221400,"254,313","263,799","252,750"
2024-01-30,"260,562",109982300,"265,649","267,049","259,230"
2024-01-29,"259,665",125013100,"252,457","260,413","249,791"
2024-01-26,"249,220",107343200,"252,280","254,021","247,656"
2024-01-25,"248,377",198076800,"257,992","262,480","244,882"
2024-01-24,"282,649",123369900,"288,157","289,313","281,207"
2024-01-23,"284,430",106605900,"287,368","293,284","282,542"
2024-01-22,"283,968",117952500,"288,674","296,208","280,527"
2024-01-19,"288,578",102260300,"285,586","289,938","282,282"
2024-01-18,"288,157",108595400,"294,957","295,732","283,886"
2024-01-17,"293,148",103164400,"292,210","293,311","288,334"
2024-01-16,"299,078",115355000,"292,536","303,946","288,565"
2024-01-12,"297,690",123043800,"299,309","306,462","295,324"
2024-01-11,"309,019",105873600,"313,575","314,065","306,503"
2024-01-10,"318,158",91628500,"319,736","320,280","314,554"
2024-01-09,"319,546",96705660,"323,830","324,992","315,574"
2024-01-08,"327,012",85166580,"321,150","328,100","320,008"
2024-01-05,"322,986",92488940,"322,130","326,563","319,464"
2024-01-04,"323,585",102629300,"325,380","330,072","323,313"
2024-01-03,"324,292",121082600,"333,173","334,125","321,395"
2024-01-02,"337,851",104654200,"340,109","341,700","332,398"
2023-12-29,"337,933",100891600,"346,936","347,058","336,505"
2023-12-28,"344,325",113619900,"358,578","360,577","343,686"
2023-12-27,"355,558",106494400,"351,356","358,142","350,227"
2023-12-26,"348,990",86892380,"346,106","350,839","343,958"
2023-12-22,"343,454",93370090,"349,194","351,179","341,863"
2023-12-21,"346,120",109594200,"342,584","346,528","338,028"
2023-12-20,"336,110",125097000,"348,718","353,382","335,920"
2023-12-19,"349,819",106737400,"344,733","351,342","344,094"
2023-12-18,"342,829",116416500,"345,141","351,886","341,850"
2023-12-15,"344,760",135932800,"341,646","345,617","337,688"
2023-12-14,"341,428",160829200,"328,059","345,277","327,474"
2023-12-13,"325,434",146286300,"318,498","326,808","310,352"
2023-12-12,"322,334",95328310,"324,428","325,026","318,063"
2023-12-11,"326,046",97913890,"330,126","331,080","322,932"
2023-12-08,"331,622",103126800,"326,767","333,567","325,407"
2023-12-07,"329,990",107142300,"328,508","331,949","322,293"
2023-12-06,"325,543",126436200,"330,371","335,335","325,272"
2023-12-05,"324,659",137971100,"318,063","335,458","317,832"
2023-12-04,"320,389",104099800,"320,620","325,548","317,275"
2023-12-01,"324,809",121331700,"317,070","326,658","315,384"
2023-11-30,"326,509",132353200,"333,390","333,499","322,198"
2023-11-29,"332,030",135401300,"338,926","343,740","330,154"
2023-11-28,"335,539",148549900,"321,885","335,920","318,254"
2023-11-27,"321,069",112031800,"322,170","324,129","315,656"
2023-11-24,"320,212",65125200,"317,900","324,700","315,969"
2023-11-22,"318,526",118117100,"329,174","331,854","314,704"
2023-11-21,"328,032",122288000,"319,654","331,323","317,342"
2023-11-20,"320,416",116562400,"318,294","322,456","314,187"
2023-11-17,"318,648",142766200,"315,520","322,850","308,094"
2023-11-16,"317,682",136816800,"325,706","327,597","314,106"
2023-11-15,"330,262",150354000,"325,434","335,512","321,572"
2023-11-14,"322,878",149771600,"319,641","323,864","313,779"
2023-11-13,"304,246",140447600,"293,216","306,544","287,790"
2023-11-10,"291,924",131310100,"285,641","292,917","279,738"
2023-11-09,"285,573",142110500,"298,860","300,288","281,085"
2023-11-08,"302,070",106584800,"303,484","304,844","295,990"
2023-11-07,"302,165",116900100,"299,173","303,443","293,379"
2023-11-06,"298,207",117335800,"304,613","307,795","292,400"
2023-11-03,"299,146",119534800,"300,764","307,863","297,024"
2023-11-02,"297,174",125987600,"289,639","298,112","287,572"
2023-11-01,"279,698",121661700,"277,494","280,146","269,076"
2023-10-31,"273,142",118068300,"266,723","275,808","263,935"
2023-10-30,"268,410",136448200,"284,621","286,797","264,751"
2023-10-27,"281,928",94881170,"286,416","288,878","279,847"
2023-10-26,"279,834",115112600,"287,395","292,128","278,637"
2023-10-25,"288,891",107065100,"293,597","299,336","288,592"
2023-10-24,"294,467",118231100,"294,440","301,988","291,190"
2023-10-23,"288,429",150683400,"285,600","295,093","275,414"
2023-10-20,"288,306",138010100,"295,134","297,650","286,171"
2023-10-19,"299,350",170772700,"307,292","313,630","294,821"
2023-10-18,"330,045",125147800,"343,672","346,297","329,229"
2023-10-17,"346,596",93562910,"340,136","349,769","336,029"
2023-10-16,"345,331",88917180,"340,068","347,344","337,933"
2023-10-13,"341,523",102296800,"352,104","353,056","340,299"
2023-10-12,"352,063",111508100,"357,571","360,958","349,018"
2023-10-11,"357,666",103706300,"362,032","365,296","354,824"
2023-10-10,"358,523",122656000,"350,540","365,758","350,404"
2023-10-09,"353,151",101377900,"347,222","355,450","342,788"
2023-10-06,"354,321",118121800,"345,413","355,844","340,884"
2023-10-05,"353,668",119159200,"353,600","358,496","348,500"
2023-10-04,"355,178",129721600,"337,470","356,130","336,736"
2023-10-03,"335,281",101985300,"338,110","340,027","332,452"
2023-10-02,"342,176",123810400,"332,942","345,821","329,963"
2023-09-29,"340,299",128522700,"340,000","346,487","335,036"
2023-09-28,"335,077",117058900,"326,427","336,668","324,564"
2023-09-27,"327,080",136597200,"332,196","333,649","319,029"
2023-09-26,"332,003",101993600,"330,453","339,388","328,658"
2023-09-25,"335,906",104636600,"330,997","336,056","324,102"
2023-09-22,"333,037",127524100,"350,064","350,593","332,493"
2023-09-21,"347,752",119951500,"350,676","354,770","345,726"
2023-09-20,"357,122",122514600,"363,174","372,545","356,946"
2023-09-19,"362,440",103704000,"359,516","364,276","355,232"
2023-09-18,"360,781",101543300,"368,778","369,158","358,714"
2023-09-15,"373,170",133692300,"377,468","379,413","368,560"
2023-09-14,"375,414",107709800,"368,995","376,325","367,771"
2023-09-13,"368,968",111673700,"367,295","373,973","364,616"
2023-09-12,"363,773",135999900,"368,234","378,610","362,576"
2023-09-11,"372,069",174667900,"359,407","373,796","354,430"
2023-09-08,"337,960",118559600,"341,659","348,867","335,471"
2023-09-07,"342,026",115312900,"333,295","343,822","330,840"
2023-09-06,"342,611",116959800,"346,984","347,330","333,282"
2023-09-05,"348,826",129469600,"333,200","350,880","333,010"
2023-09-01,"333,214",132541600,"349,874","352,348","329,134"
2023-08-31,"350,989",108861700,"348,133","355,205","346,868"
2023-08-30,"349,384",121988400,"345,712","354,294","340,802"
2023-08-29,"349,765",134047600,"324,469","350,173","323,367"
2023-08-28,"324,795",107673700,"329,909","332,357","320,076"
2023-08-25,"324,482",106612200,"314,582","325,040","313,276"
2023-08-24,"312,854",99777430,"324,578","324,931","310,325"
2023-08-23,"322,130",101077600,"311,902","325,013","311,834"
2023-08-22,"317,138",130597900,"326,740","327,515","312,188"
2023-08-21,"314,541",135702700,"301,310","315,703","299,989"
2023-08-18,"293,066",136276600,"291,203","295,909","288,810"
2023-08-17,"298,139",120718400,"307,442","308,366","297,609"
2023-08-16,"306,816",112484500,"310,107","318,199","306,517"
2023-08-15,"316,826",88197600,"324,673","327,080","316,350"
2023-08-14,"326,074",98595330,"320,552","327,298","317,900"
2023-08-11,"330,004",99038640,"328,807","331,554","323,707"
2023-08-10,"333,662",109498600,"333,744","342,448","330,480"
2023-08-09,"329,378",101596300,"341,183","341,496","328,984"
2023-08-08,"339,592",96642180,"336,532","341,251","333,214"
2023-08-07,"341,972",111097900,"341,972","344,965","330,154"
2023-08-04,"345,250",99539910,"354,919","360,087","344,230"
2023-08-03,"352,675",97829550,"342,774","354,266","342,720"
2023-08-02,"345,590",101752900,"347,575","352,947","340,666"
2023-08-01,"355,055",83645720,"362,114","362,399","353,940"
2023-07-31,"363,705",84582170,"363,773","365,949","358,741"
2023-07-28,"362,358",111446000,"353,410","363,460","351,194"
2023-07-27,"347,766",103697300,"364,902","366,017","347,208"
2023-07-26,"359,516",95856180,"358,020","364,534","355,980"
2023-07-25,"360,781",112757300,"370,437","371,144","360,400"
2023-07-24,"365,922",137005000,"347,956","366,996","345,603"
2023-07-21,"353,627",161796100,"364,480","364,480","347,888"
2023-07-20,"357,544",175158300,"380,202","382,065","355,232"
2023-07-19,"396,114",142355400,"402,614","407,034","393,747"
2023-07-18,"398,942",112434700,"394,604","401,554","388,974"
2023-07-17,"394,917",131569600,"389,810","397,433","385,655"
2023-07-14,"382,677",120062400,"376,734","388,008","375,782"
2023-07-13,"377,944",112681500,"373,442","380,052","368,016"
2023-07-12,"369,906",95672140,"375,802","376,067","369,186"
2023-07-11,"366,914",91972360,"365,364","368,424","362,263"
2023-07-10,"366,670",119425400,"375,999","377,427","360,536"
2023-07-07,"373,225",113879200,"378,665","381,861","372,327"
2023-07-06,"376,094",120707400,"378,202","380,759","371,117"
2023-07-05,"384,173",131530900,"379,195","386,036","377,536"
2023-07-03,"380,555",118999000,"376,026","386,580","374,150"
2023-06-30,"356,007",112620800,"354,416","359,652","353,450"
2023-06-29,"350,200",131283400,"350,921","354,606","344,910"
2023-06-28,"348,486",159770800,"339,592","353,437","338,490"
2023-06-27,"340,286",164968200,"330,806","340,530","327,556"
2023-06-26,"327,828",179990600,"340,088","351,383","327,352"
2023-06-23,"348,976",177460800,"352,634","356,932","343,808"
2023-06-22,"359,870",166875900,"341,047","360,400","337,620"
2023-06-21,"352,866",211797100,"374,177","376,706","350,581"
2023-06-20,"373,252",165611200,"355,640","373,660","355,123"
2023-06-16,"354,334",167915600,"352,131","358,496","349,804"
2023-06-15,"348,024",160171200,"337,824","352,172","336,314"
2023-06-14,"349,234",170575500,"353,831","355,735","340,680"
2023-06-13,"351,846",162384300,"344,774","353,165","341,822"
2023-06-12,"339,769",150740500,"337,198","341,319","332,642"
2023-06-09,"332,384",200242400,"338,735","343,291","329,147"
2023-06-08,"319,410",164489700,"304,939","319,913","303,294"
2023-06-07,"305,415",185710800,"310,080","313,928","303,552"
2023-06-06,"300,982",146911600,"293,950","301,798","289,041"
2023-06-05,"295,950",151143100,"296,208","300,954","291,747"
2023-06-02,"290,999",164398400,"285,804","295,460","285,263"
2023-06-01,"282,227",148029900,"275,522","285,328","271,143"
2023-05-31,"277,345",150711700,"271,701","277,372","265,363"
2023-05-30,"273,578",128818700,"272,136","278,093","268,641"
2023-05-26,"262,711",162061500,"251,083","270,096","250,961"
2023-05-25,"250,879",96870720,"253,694","254,021","245,589"
2023-05-24,"248,744",137605100,"247,833","250,539","242,379"
2023-05-23,"252,647",156952100,"253,232","262,426","251,954"
2023-05-22,"256,863",132001400,"245,752","257,475","244,950"
2023-05-19,"244,990",136196700,"240,951","247,452","239,782"
2023-05-18,"240,570",109520300,"236,939","240,802","234,532"
2023-05-17,"236,450",125473600,"229,038","237,320","227,372"
2023-05-16,"226,467",98288790,"225,284","230,545","223,516"
2023-05-15,"226,236",105592500,"228,011","230,874","223,788"
2023-05-12,"228,453",157849600,"239,455","241,237","227,433"
2023-05-11,"234,029",103889900,"229,432","236,055","226,834"
2023-05-10,"229,214",119840700,"234,668","237,225","226,685"
2023-05-09,"230,044",88965040,"229,772","230,955","226,522"
2023-05-08,"233,634",112249400,"236,259","236,368","230,098"
2023-05-05,"231,282",107607300,"222,999","232,274","222,374"
2023-05-04,"219,232",95108490,"221,286","221,612","217,124"
2023-05-03,"218,430",119728000,"217,614","224,400","217,478"
2023-05-02,"218,022",128259700,"220,157","225,066","216,145"
2023-05-01,"220,089",109015000,"221,911","222,061","216,009"
2023-04-28,"223,462",122515800,"218,824","224,400","213,955"
2023-04-27,"217,858",127015200,"207,590","218,253","207,223"
2023-04-26,"209,100",153364100,"217,994","218,511","208,270"
2023-04-25,"218,511",121999300,"217,355","222,319","215,900"
2023-04-24,"221,068",140006600,"223,924","225,284","215,710"
2023-04-21,"224,509",123539000,"224,128","225,760","219,396"
2023-04-20,"221,666",210970800,"225,984","230,792","218,362"
2023-04-19,"245,602",125732700,"243,576","249,560","241,604"
2023-04-18,"250,662",92067020,"254,524","255,258","249,665"
2023-04-17,"254,374",116662200,"253,395","257,978","248,458"
2023-04-14,"251,600",96438660,"250,172","253,341","247,534"
2023-04-13,"252,824",112933000,"248,819","253,640","246,078"
2023-04-12,"245,534",150256300,"259,406","260,555","245,222"
2023-04-11,"254,034",115770900,"253,898","257,298","252,481"
2023-04-10,"250,934",142154600,"244,718","251,736","239,510"
2023-04-06,"251,682",123857900,"248,989","253,490","244,446"
2023-04-05,"252,307",133882500,"259,100","259,325","249,914"
2023-04-04,"261,909",126463800,"268,355","270,293","258,835"
2023-04-03,"264,887",169545900,"271,878","275,658","261,392"
2023-03-31,"282,146",170222100,"268,641","282,594","268,192"
2023-03-30,"265,581",110252200,"265,989","268,369","264,411"
2023-03-29,"263,677",123660000,"262,657","265,594","257,638"
2023-03-28,"257,298",98654640,"261,120","261,596","252,185"
2023-03-27,"260,862",120851600,"264,404","268,450","258,318"
2023-03-24,"258,958",116531600,"260,644","261,610","254,524"
2023-03-23,"261,419",144193900,"265,554","271,062","256,564"
2023-03-22,"259,964",150376400,"271,048","272,898","259,692"
2023-03-21,"268,709",153391400,"256,061","269,280","255,734"
2023-03-20,"249,220",129684400,"242,189","253,558","239,836"
2023-03-17,"244,977",133197100,"250,940","253,259","241,169"
2023-03-16,"250,417",121374500,"245,296","252,702","243,222"
2023-03-15,"245,412",145995600,"245,888","247,982","239,401"
2023-03-14,"249,234",143717900,"241,142","249,968","240,911"
2023-03-13,"237,293",167790300,"227,739","241,196","222,918"
2023-03-10,"235,878",191488900,"238,177","242,474","229,078"
2023-03-09,"235,171",170023800,"245,140","251,845","234,617"
2023-03-08,"247,520",151897800,"251,654","253,640","244,800"
2023-03-07,"255,286",148125800,"260,277","264,112","253,096"
2023-03-06,"263,582",128100100,"270,014","270,096","261,528"
2023-03-03,"268,994",154193300,"264,921","272,653","262,317"
2023-03-02,"259,624",181979200,"253,966","263,500","252,974"
2023-03-01,"275,767",156852800,"280,446","281,792","269,987"
2023-02-28,"279,766",153144900,"286,402","287,273","277,100"
2023-02-27,"282,377",161028300,"274,761","284,811","273,714"
2023-02-24,"267,757",142228100,"267,002","268,831","262,208"
2023-02-23,"274,815",146360000,"277,318","278,990","267,009"
2023-02-22,"273,170",191828500,"269,185","274,706","260,821"
2023-02-21,"268,423",180018600,"278,786","285,206","268,219"
2023-02-17,"283,302",213738500,"271,980","283,478","268,600"
2023-02-16,"274,774",229586500,"286,661","296,004","274,502"
2023-02-15,"291,366",182108600,"287,987","291,938","280,310"
2023-02-14,"284,580",216455700,"261,038","285,355","257,638"
2023-02-13,"264,710",172475500,"264,404","266,968","255,150"
2023-02-10,"267,770",204754100,"275,026","280,432","262,330"
2023-02-09,"281,955",215431400,"282,574","291,040","278,487"
2023-02-08,"273,754",180673600,"266,696","276,080","264,262"
2023-02-07,"267,662",186010300,"267,145","268,600","257,788"
2023-02-06,"264,874",186188100,"262,494","269,511","258,291"
2023-02-03,"258,373",232662000,"250,172","270,640","249,818"
2023-02-02,"256,047",217448300,"254,762","267,580","248,350"
2023-02-01,"246,718",213806300,"236,490","249,975","231,105"
2023-01-31,"235,579",196813500,"223,815","237,048","221,381"
2023-01-30,"226,658",230878800,"242,148","244,487","226,440"
2023-01-27,"241,944",306590600,"220,905","245,725","219,191"
2023-01-26,"217,967",234815100,"217,552","219,531","210,474"
2023-01-25,"196,425",192734300,"192,991","199,118","187,775"
2023-01-24,"195,690",158699100,"194,480","199,240","191,896"
2023-01-23,"195,500",203119200,"184,783","197,716","182,607"
2023-01-20,"181,451",138858100,"175,005","181,574","173,191"
2023-01-19,"172,951",170291900,"173,074","176,786","169,059"
2023-01-18,"175,141",195680300,"185,715","185,885","172,734"
2023-01-17,"178,826",186477000,"170,945","179,112","170,027"
2023-01-13,"166,464",180714100,"158,508","166,777","157,216"
2023-01-12,"168,042",169400900,"166,682","168,818","159,120"
2023-01-11,"167,579",183810800,"166,042","171,292","163,894"
2023-01-10,"161,636",167642500,"164,655","166,954","156,291"
2023-01-09,"162,887",190284000,"161,786","167,987","159,270"
2023-01-06,"153,762",220911100,"140,080","155,570","138,462"
2023-01-05,"150,062",157986300,"150,294","151,980","145,738"
2023-01-04,"154,550",180389000,"148,390","155,842","146,227"
2023-01-03,"147,016",231402800,"161,119","161,568","142,310"
2022-12-30,"167,525",157777300,"163,132","169,293","162,860"
2022-12-29,"165,675",221923300,"163,724","168,055","159,793"
2022-12-28,"153,286",221070500,"150,076","158,127","147,206"
2022-12-27,"148,376",208643400,"159,793","162,751","147,914"
2022-12-23,"167,484",166989700,"171,863","174,920","164,587"
2022-12-22,"170,476",210090300,"184,960","185,817","166,274"
2022-12-21,"187,095",145417400,"189,496","192,114","184,810"
2022-12-20,"187,408",159563300,"198,628","201,919","187,218"
2022-12-19,"203,823",139390600,"209,440","211,140","198,315"
2022-12-16,"204,313",139032200,"217,104","218,946","204,054"
2022-12-15,"214,431",122334500,"208,678","218,865","208,461"
2022-12-14,"213,248",140682300,"216,580","219,803","211,222"
2022-12-13,"218,892",175862700,"237,823","238,068","213,398"
2022-12-12,"228,235",109794500,"239,496","241,223","227,827"
2022-12-09,"243,508",104872300,"236,422","248,200","235,770"
2022-12-08,"235,878",97624490,"234,192","238,272","229,922"
2022-12-07,"236,694",84213280,"238,041","243,957","234,216"
2022-12-06,"244,555",92150820,"246,452","249,764","238,449"
2022-12-05,"248,132",93122670,"257,638","260,127","245,548"
2022-12-02,"265,010",73645920,"260,821","266,900","259,910"
2022-12-01,"264,792",80046210,"268,029","270,531","260,848"
2022-11-30,"264,792",109186400,"248,105","264,874","245,657"
2022-11-29,"245,929",83357110,"251,586","253,477","243,100"
2022-11-28,"248,771",93038150,"244,746","256,360","243,440"
2022-11-25,"248,690",50672740,"251,682","251,872","245,657"
2022-11-23,"249,152",109536700,"236,055","249,723","234,600"
2022-11-22,"231,078",78452330,"229,337","232,451","226,012"
2022-11-21,"228,303",92882710,"239,156","240,407","227,854"
2022-11-18,"245,058",76048870,"251,668","251,858","240,108"
2022-11-17,"249,111",64335970,"250,186","253,178","246,024"
2022-11-16,"254,211",66567600,"260,454","261,895","252,498"
2022-11-15,"264,411",91293790,"266,397","273,120","261,202"
2022-11-14,"259,692",92226650,"262,167","266,193","253,422"
2022-11-11,"266,519",114403600,"252,960","267,267","248,322"
2022-11-10,"259,379",132703000,"258,264","259,760","244,841"
2022-11-09,"241,522",127062700,"259,454","266,410","240,883"
2022-11-08,"260,168",128803400,"263,867","265,472","253,980"
2022-11-07,"268,029",93916520,"283,764","284,104","267,458"
2022-11-04,"282,159",98622210,"302,736","304,368","276,189"
2022-11-03,"292,822",56538850,"287,450","300,832","285,790"
2022-11-02,"292,373",63070290,"307,414","309,903","292,155"
2022-11-01,"309,835",62688820,"318,308","322,857","309,101"
2022-10-31,"309,454",61554340,"307,618","312,596","301,838"
2022-10-28,"310,787",69152390,"306,544","311,250","294,236"
2022-10-27,"306,122",61638820,"312,487","317,982","303,076"
2022-10-26,"305,510",85327080,"298,384","313,616","296,752"
2022-10-25,"302,484",96507870,"285,736","305,116","285,600"
2022-10-24,"287,300",100446800,"279,915","290,360","270,077"
2022-10-21,"291,638",75713750,"280,724","291,938","277,168"
2022-10-20,"281,901",117798100,"283,261","293,148","274,720"
2022-10-19,"301,974",66571480,"298,928","303,185","296,181"
2022-10-18,"299,458",75891910,"312,120","312,555","295,460"
2022-10-17,"298,316",79428810,"285,654","301,730","284,852"
2022-10-14,"278,786",94124510,"304,654","307,714","277,658"
2022-10-13,"301,539",91483050,"283,288","303,266","280,459"
2022-10-12,"295,446",66860700,"292,849","298,248","287,654"
2022-10-11,"294,440",77013200,"300,485","307,020","292,400"
2022-10-10,"303,226",67925020,"304,545","308,706","296,967"
2022-10-07,"303,375",83916800,"318,152","319,017","301,947"
2022-10-06,"323,857",69298440,"325,638","332,629","320,076"
2022-10-05,"327,502",86982670,"333,214","335,471","317,247"
2022-10-04,"339,238",109578500,"340,707","350,200","329,134"
2022-10-03,"329,664",98363540,"346,120","347,018","327,774"
2022-09-30,"360,740",67726600,"361,957","374,775","356,959"
2022-09-29,"364,766",77620640,"384,554","385,764","361,461"
2022-09-28,"391,422",54664810,"384,989","393,040","377,495"
2022-09-27,"384,798",61925190,"386,022","392,591","377,414"
2022-09-26,"375,374",58076910,"369,689","386,362","367,622"
2022-09-23,"374,449",63748360,"385,002","386,920","371,035"
2022-09-22,"392,482",70545410,"407,810","409,754","388,715"
2022-09-21,"409,088",62555660,"419,274","426,768","408,857"
2022-09-20,"419,873",61642780,"417,398","426,129","415,589"
2022-09-19,"420,335",60231160,"408,122","421,382","405,008"
2022-09-16,"412,556",87087790,"407,463","413,046","402,017"
2022-09-15,"413,100",64795520,"410,482","420,403","408,986"
2022-09-14,"411,550",72628650,"397,446","416,160","396,630"
2022-09-13,"397,297",68229620,"398,344","404,464","394,944"
2022-09-12,"414,011",48674600,"408,979","415,466","408,544"
2022-09-09,"407,565",54470850,"396,671","407,796","396,093"
2022-09-08,"393,394",53713120,"382,568","393,720","380,474"
2022-09-07,"385,832",50028920,"371,416","386,022","370,287"
2022-09-06,"373,211",55859980,"370,838","375,346","361,406"
2022-09-02,"367,486",50890090,"382,248","383,996","365,949"
2022-09-01,"376,938",54287020,"370,702","377,509","361,964"
2022-08-31,"374,830",52107340,"381,643","382,500","369,662"
2022-08-30,"377,672",50541760,"391,496","392,333","370,804"
2022-08-29,"387,355",41864740,"384,649","391,326","381,752"
2022-08-26,"391,802",57163950,"404,505","410,720","390,959"
2022-08-25,"402,655",53230010,"411,210","412,026","396,576"
2022-08-24,"404,051",57259716,"404,686","412,959","403,240"
2022-08-23,"403,176",63985056,"396,376","406,404","391,576"
2022-08-22,"394,282",55843356,"397,002","397,664","389,363"
2022-08-19,"403,467",61395396,"406,640","408,490","397,800"
2022-08-18,"411,903",47500535,"416,160","416,840","410,520"
2022-08-17,"413,435",68765977,"412,619","421,133","408,045"
2022-08-16,"416,926",88136319,"423,867","427,947","411,921"
2022-08-15,"420,675",89359179,"410,430","425,861","409,673"
2022-08-12,"408,041",79657298,"393,604","408,218","387,645"
2022-08-11,"389,817",70155067,"403,258","405,602","388,733"
2022-08-10,"400,325",94918869,"404,011","404,614","385,383"
2022-08-09,"385,333",86244699,"394,799","397,659","379,920"
2022-08-08,"394,976",99365290,"401,200","415,072","393,156"
2022-08-05,"391,911",113172911,"411,631","414,265","388,341"
2022-08-04,"419,741",72256327,"422,960","426,505","414,800"
2022-08-03,"418,059",80091128,"414,800","420,988","409,564"
2022-08-02,"408,798",95577490,"399,844","418,653","398,027"
2022-08-01,"404,296",117042912,"409,734","424,154","401,200"
2022-07-29,"404,124",95312890,"381,752","405,715","379,576"
2022-07-28,"382,024",84723008,"380,891","385,288","371,008"
2022-07-27,"373,755",88110009,"358,782","375,259","356,034"
2022-07-26,"352,050",66820777,"362,458","363,541","348,518"
2022-07-25,"365,069",64073526,"370,215","372,839","363,664"
2022-07-22,"370,251",103472860,"375,659","381,870","368,170"
2022-07-21,"369,521",142032194,"346,945","371,643","346,619"
2022-07-20,"336,600",88864089,"335,625","340,902","331,137"
2022-07-19,"333,921",80890118,"333,200","336,110","322,288"
2022-07-18,"327,143",82537448,"333,114","340,703","325,860"
2022-07-15,"326,491",69683017,"326,400","331,328","322,170"
2022-07-14,"324,106",78557498,"319,459","324,568","311,893"
2022-07-13,"322,374",97954510,"306,680","329,201","306,045"
2022-07-12,"316,975",87930969,"322,111","326,092","310,581"
2022-07-11,"318,707",99509230,"342,860","344,166","317,732"
2022-07-08,"341,038",101854090,"329,573","346,773","327,980"
2022-07-07,"332,579",81930698,"318,131","333,692","315,806"
2022-07-06,"315,157",71853637,"313,861","319,006","308,974"
2022-07-05,"316,971",84779108,"303,280","317,079","293,987"
2022-07-01,"309,078",74460457,"308,720","313,113","302,083"
2022-06-30,"305,284",94600449,"305,334","312,061","297,654"
2022-06-29,"310,746",82897268,"313,480","314,396","302,292"
2022-06-28,"316,422",90666519,"332,497","339,959","315,987"
2022-06-27,"333,091",89178309,"339,139","342,815","329,889"
2022-06-24,"334,161",95770720,"322,957","334,651","321,078"
2022-06-23,"319,695",104202700,"323,551","325,471","310,946"
2022-06-22,"321,078",101527270,"318,924","335,693","318,004"
2022-06-21,"322,370",122792982,"305,460","331,265","305,093"
2022-06-17,"294,794",92641779,"290,269","300,518","289,947"
2022-06-16,"289,816",107390711,"302,922","306,227","283,823"
2022-06-15,"316,880",119131962,"300,447","320,502","296,684"
2022-06-14,"300,410",97988800,"296,870","307,809","287,962"
2022-06-13,"293,402",102767260,"303,507","308,221","291,969"
2022-06-10,"315,833",98090920,"319,813","325,720","309,962"
2022-06-09,"326,001",96491320,"339,102","347,543","325,484"
2022-06-08,"328,939",76210628,"326,518","339,950","325,280"
2022-06-07,"324,886",72808597,"318,240","326,395","312,927"
2022-06-06,"324,061",84204518,"332,320","333,019","318,716"
2022-06-03,"318,943",112393751,"330,786","337,003","317,448"
2022-06-02,"351,333",93473139,"332,053","359,326","329,211"
2022-06-01,"335,634",77247968,"342,339","349,964","331,350"
2022-05-31,"343,744",101914390,"350,807","353,056","332,851"
2022-05-27,"344,366",89294979,"327,873","344,443","326,641"
2022-05-26,"320,838",106003361,"299,844","325,797","296,326"
2022-05-25,"298,656",92139339,"282,812","303,425","282,431"
2022-05-24,"284,766",89092539,"296,267","296,444","281,325"
2022-05-23,"305,955",88903659,"296,942","308,246","289,254"
2022-05-20,"300,968",144973334,"323,675","327,117","286,960"
2022-05-19,"321,604",90296679,"320,507","332,747","314,663"
2022-05-18,"321,780",87811809,"337,516","344,760","317,700"
2022-05-17,"345,263",80236118,"338,803","346,564","330,412"
2022-05-16,"328,381",86098539,"347,779","348,958","325,987"
2022-05-13,"348,881",92150739,"350,644","356,932","340,709"
2022-05-12,"330,027",140312864,"317,787","344,379","308,267"
2022-05-11,"332,747",97224460,"360,400","367,096","329,664"
2022-05-10,"362,685",84401648,"371,420","374,163","350,993"
2022-05-09,"356,823",90810219,"379,191","383,352","354,121"
2022-05-06,"392,428",72903127,"402,107","402,560","382,208"
2022-05-05,"395,887",92519199,"425,775","428,672","388,824"
2022-05-04,"431,854",81643718,"409,786","433,160","401,327"
2022-05-03,"412,193",63709596,"409,442","418,916","402,827"
2022-05-02,"409,333",75781388,"390,216","410,883","384,440"
2022-04-29,"394,744",88133019,"409,020","423,595","394,400"
2022-04-28,"397,804",124948542,"407,991","408,000","372,504"
2022-04-27,"399,618",76956398,"407,356","416,160","397,736"
2022-04-26,"397,310",136133684,"451,262","453,333","396,667"
2022-04-25,"452,436",68341357,"443,800","457,241","442,136"
2022-04-22,"455,623",69696577,"460,092","469,132","450,613"
2022-04-21,"457,314",105416351,"487,211","495,140","451,708"
2022-04-20,"442,997",70711327,"466,933","468,747","442,113"
2022-04-19,"466,095",49847825,"455,627","469,173","451,214"
2022-04-18,"455,278",51715235,"448,360","460,097","441,279"
2022-04-14,"446,533",58422426,"453,011","459,095","445,259"
2022-04-13,"463,474",55121226,"444,754","465,229","441,137"
2022-04-12,"447,417",65976097,"452,263","462,940","442,725"
2022-04-11,"442,422",59357226,"444,448","457,172","441,837"
2022-04-08,"464,889",55013706,"472,922","475,293","463,504"
2022-04-07,"479,291",79447058,"477,083","488,054","463,098"
2022-04-06,"474,078",89348559,"486,640","489,147","465,891"
2022-04-05,"494,704",80075018,"515,123","522,634","492,909"
2022-04-04,"519,271",82177718,"493,852","521,292","486,214"
2022-04-01,"491,681",54263225,"490,121","496,287","483,543"
2022-03-31,"488,512",48992765,"496,205","500,090","488,077"
2022-03-30,"495,942",59865006,"494,664","504,991","491,413"
2022-03-29,"498,472",73614817,"502,289","505,362","486,476"
2022-03-28,"494,967",102506080,"482,845","497,705","477,632"
2022-03-25,"458,157",62031546,"456,960","463,216","452,118"
2022-03-24,"459,644",68920897,"457,744","464,435","448,256"
2022-03-23,"452,930",120676152,"444,239","471,784","442,635"
2022-03-22,"450,604",105868571,"421,600","452,363","417,860"
2022-03-21,"417,592",81981668,"414,791","427,425","411,214"
2022-03-18,"410,443",100414210,"396,435","411,559","393,217"
2022-03-17,"395,125",66582967,"376,715","396,667","374,325"
2022-03-16,"380,904",84028838,"366,747","381,707","363,691"
2022-03-15,"363,523",66841147,"351,456","365,192","342,978"
2022-03-14,"347,421",71152267,"353,876","362,984","342,738"
2022-03-11,"360,559",67037167,"380,889","382,524","359,842"
2022-03-10,"380,029",58648656,"385,991","387,351","367,363"
2022-03-09,"389,400",59183976,"380,564","390,120","377,178"
2022-03-08,"373,728",80399108,"360,640","385,329","354,584"
2022-03-07,"364,743",72494167,"388,189","392,650","364,738"
2022-03-04,"380,025",67179877,"384,925","387,895","374,073"
2022-03-03,"380,478",61623516,"398,376","401,852","377,445"
2022-03-02,"398,883",74643457,"395,366","401,871","382,737"
2022-03-01,"391,848",74766877,"394,255","403,412","387,047"
2022-02-28,"394,595",99006880,"369,471","397,510","369,334"
2022-02-25,"367,141",76067768,"366,851","371,507","354,688"
2022-02-24,"363,016",135322304,"317,510","363,791","317,333"
2022-02-23,"346,365",95257030,"376,462","378,669","344,787"
2022-02-22,"372,427",83288198,"378,139","388,386","363,165"
2022-02-18,"388,498",68501857,"401,653","402,048","379,716"
2022-02-17,"397,279",55178436,"414,011","416,387","396,259"
2022-02-16,"418,603",51294395,"414,369","419,981","408,548"
2022-02-15,"418,168",57649536,"408,000","418,427","404,998"
2022-02-14,"397,011",67756417,"390,578","407,492","386,761"
2022-02-11,"389,867",79645868,"412,366","415,235","385,651"
2022-02-10,"410,063",66126847,"411,794","427,860","406,504"
2022-02-09,"422,507",52259555,"423,867","428,976","417,067"
2022-02-08,"417,973",50729015,"410,507","419,918","405,643"
2022-02-07,"411,327",60994476,"418,785","429,656","409,228"
2022-02-04,"418,572",73625467,"406,740","424,547","399,464"
2022-02-03,"403,983",78855578,"399,840","424,773","399,169"
2022-02-02,"410,566",66793057,"420,775","422,280","403,199"
2022-02-01,"422,167",73138357,"423,962","427,811","410,267"
2022-01-31,"424,646",104436100,"395,628","425,222","390,796"
2022-01-28,"383,679",134788963,"376,974","388,733","359,044"
2022-01-27,"375,859",147109575,"423,123","424,043","375,813"
2022-01-26,"424,959",104867290,"431,768","447,753","410,720"
2022-01-25,"416,341",86595909,"414,437","431,238","409,455"
2022-01-24,"421,600",152375145,"410,158","423,193","386,000"
2022-01-21,"427,901",103416040,"451,674","455,396","426,360"
2022-01-20,"451,642",70488757,"457,744","472,219","450,613"
2022-01-19,"451,361",75442508,"472,240","478,117","451,067"
2022-01-18,"467,164",66989407,"465,394","485,425","460,614"
2022-01-14,"475,823",72924427,"462,346","476,907","459,398"
2022-01-13,"467,640",97209790,"502,776","505,739","465,364"
2022-01-12,"501,486",83739038,"489,079","505,394","486,241"
2022-01-11,"482,528",66063217,"477,664","487,719","470,932"
2022-01-10,"479,681",91814889,"453,333","480,125","444,267"
2022-01-07,"465,555",84164768,"489,768","490,021","457,867"
2022-01-06,"482,664",90336489,"488,240","493,227","462,627"
2022-01-05,"493,281",80119808,"519,815","530,554","490,058"
2022-01-04,"521,147",100248280,"539,263","547,627","509,116"
2022-01-03,"543,900",104686060,"520,313","544,485","515,005"
2021-12-31,"479,074",40733644,"486,628","490,507","478,081"
2021-12-30,"485,221",47040935,"481,136","496,649","477,428"
2021-12-29,"492,406",56154066,"498,050","500,480","482,410"
2021-12-28,"493,440",60323916,"502,969","507,280","488,884"
2021-12-27,"495,919",71145817,"486,730","506,373","485,391"
2021-12-23,"483,707",92713299,"456,416","486,416","452,227"
2021-12-22,"457,354",93634089,"437,766","460,432","433,863"
2021-12-21,"425,467",71517937,"415,648","425,907","401,708"
2021-12-20,"407,973",56480016,"412,851","417,832","405,003"
2021-12-17,"422,765",100880260,"414,696","435,499","412,098"
2021-12-16,"420,204",82771448,"450,840","451,058","417,905"
2021-12-15,"442,449",75169238,"432,122","443,700","420,807"
2021-12-14,"434,524",70806277,"428,400","438,106","421,600"
2021-12-13,"438,106",78595508,"453,827","455,600","431,310"
2021-12-10,"461,054",59664366,"457,300","462,844","445,414"
2021-12-09,"455,056",59438496,"480,823","481,662","454,403"
2021-12-08,"484,595",41906374,"477,228","486,146","468,293"
2021-12-07,"476,793",56084586,"473,371","479,479","465,487"
2021-12-06,"457,418",81663128,"454,018","463,143","430,893"
2021-12-03,"460,120",92322009,"491,771","494,394","453,428"
2021-12-02,"491,685",73114867,"498,240","504,560","479,015"
2021-12-01,"496,400",68804107,"526,182","531,687","494,478"
2021-11-30,"518,958",81276128,"518,781","529,493","506,827"
2021-11-29,"515,435",58393416,"499,115","518,010","498,753"
2021-11-26,"490,470",35042674,"498,426","502,648","490,053"
2021-11-24,"505,920",67680727,"489,777","513,522","481,440"
2021-11-23,"502,760",108515111,"529,271","535,160","481,757"
2021-11-22,"524,448",99217540,"526,923","544,884","513,368"
2021-11-19,"515,467",64926786,"498,154","516,220","495,357"
2021-11-18,"497,026",62696796,"501,636","504,107","487,342"
2021-11-17,"493,684",94336119,"482,124","507,570","478,493"
2021-11-16,"478,144",79627088,"454,834","479,264","454,322"
2021-11-15,"459,403",104326960,"461,326","467,831","443,632"
2021-11-12,"468,484",76719458,"474,867","478,040","462,037"
2021-11-11,"482,124",67189717,"499,922","500,920","478,122"
2021-11-10,"484,137",128408173,"458,052","488,739","447,580"
2021-11-09,"463,987",177317538,"532,032","532,440","458,556"
2021-11-08,"527,199",100337170,"521,236","542,640","513,627"
2021-11-05,"554,014",64886436,"556,693","562,074","547,627"
2021-11-04,"557,559",76192238,"559,599","563,715","551,707"
2021-11-03,"550,283",103885570,"533,723","550,977","522,521"
2021-11-02,"531,307",128213413,"525,574","547,894","519,520"
2021-11-01,"547,894",168146177,"519,067","548,420","507,126"
2021-10-29,"505,013",89755269,"490,443","505,562","486,520"
2021-10-28,"488,258",81639518,"484,298","490,053","477,904"
2021-10-27,"470,496",115579392,"471,312","485,466","467,287"
2021-10-26,"461,688",187244929,"464,526","496,373","453,986"
2021-10-25,"464,603",188556319,"430,907","473,742","428,037"
2021-10-22,"412,388",68642527,"405,960","412,533","403,902"
2021-10-21,"405,280",94444359,"388,053","408,000","387,829"
2021-10-20,"392,496",42096154,"392,292","394,169","388,679"
2021-10-19,"391,802",52143395,"397,814","398,004","391,004"
2021-10-18,"394,450",72621727,"386,145","396,784","386,000"
2021-10-15,"382,174",56773716,"373,428","382,255","372,799"
2021-10-14,"370,972",36741514,"369,689","371,847","368,719"
2021-10-13,"367,690",42360244,"367,413","369,652","365,287"
2021-10-12,"365,260",66060127,"363,088","368,252","361,112"
2021-10-11,"359,013",42600964,"357,068","363,229","356,093"
2021-10-08,"356,089",50215805,"360,948","361,026","354,012"
2021-10-07,"359,770",57587346,"356,075","364,933","355,132"
2021-10-06,"354,847",43898314,"351,877","356,619","350,526"
2021-10-05,"353,867",55297896,"355,774","361,447","350,971"
2021-10-04,"354,294",91450029,"361,080","365,826","351,841"
2021-10-01,"351,433",51094235,"352,875","353,954","346,161"
2021-09-30,"351,551",53867885,"354,053","357,739","351,333"
2021-09-29,"354,194",62828646,"353,509","359,720","349,375"
2021-09-28,"352,494",76144268,"356,864","360,690","347,335"
2021-09-27,"358,750",84211988,"350,481","362,213","348,754"
2021-09-24,"351,057",64119066,"338,137","351,243","337,534"
2021-09-23,"341,650",35842594,"342,267","343,717","339,057"
2021-09-22,"340,879",45378815,"337,065","341,664","335,068"
2021-09-21,"335,186",48992165,"333,105","337,615","331,133"
2021-09-20,"331,010",74272957,"332,999","336,373","325,777"
2021-09-17,"344,302",84612548,"343,241","345,005","340,000"
2021-09-16,"343,169",41770174,"341,283","344,039","338,916"
2021-09-15,"342,643",46073075,"337,733","343,110","334,723"
2021-09-14,"337,502",55574646,"336,632","342,026","333,835"
2021-09-13,"336,827",68857447,"335,564","337,634","321,345"
2021-09-10,"333,776",45552515,"344,352","345,716","332,982"
2021-09-09,"342,203",42233194,"341,546","345,485","340,739"
2021-09-08,"341,754",56379126,"345,250","346,551","335,817"
2021-09-07,"341,324",60119496,"335,467","344,624","335,131"
2021-09-03,"332,552",45813155,"331,953","332,747","328,304"
2021-09-02,"332,017",38390224,"332,973","335,906","331,178"
2021-09-01,"332,787",39613024,"332,783","336,369","331,509"
2021-08-31,"333,526",62566326,"332,293","335,643","329,319"
2021-08-30,"331,346",55812666,"324,004","331,387","323,104"
2021-08-27,"322,737",41501284,"319,600","324,133","318,285"
2021-08-26,"317,859",39642874,"321,100","324,315","316,254"
2021-08-25,"322,411",37936684,"320,520","325,026","319,147"
2021-08-24,"321,182",39249214,"322,175","324,233","318,530"
2021-08-23,"320,189",60794586,"310,734","322,832","308,607"
2021-08-20,"308,384",44525614,"309,559","313,765","305,411"
2021-08-19,"305,306",42940474,"307,455","311,236","302,641"
2021-08-18,"312,342",61048146,"303,619","315,416","303,439"
2021-08-17,"301,788",71163847,"304,939","305,810","294,141"
2021-08-16,"311,064",69309907,"319,632","321,640","306,635"
2021-08-13,"325,117",50194415,"328,082","330,888","323,834"
2021-08-12,"327,420",53045075,"320,207","327,669","317,061"
2021-08-11,"320,878",29401677,"323,095","324,215","319,242"
2021-08-10,"321,862",40296934,"323,675","324,854","318,186"
2021-08-09,"323,571",44146054,"321,944","325,960","319,659"
2021-08-06,"316,925",46869155,"322,728","324,736","316,259"
2021-08-05,"323,966",38758924,"324,587","326,831","322,506"
2021-08-04,"322,284",51007955,"322,320","328,621","321,382"
2021-08-03,"321,749",64860756,"325,947","327,601","317,791"
2021-08-02,"321,717",100847320,"317,333","329,546","316,608"
2021-07-30,"311,531",88969239,"304,530","316,214","303,280"
2021-07-29,"307,065",91183929,"294,571","309,939","294,123"
2021-07-28,"293,298",48019805,"293,304","296,920","289,861"
2021-07-27,"292,300",98439880,"300,741","302,147","284,349"
2021-07-26,"298,121",76009688,"295,106","302,917","293,356"
2021-07-23,"291,666",43814824,"293,016","294,123","288,909"
2021-07-22,"294,331",45317195,"297,587","300,184","292,219"
2021-07-21,"297,065",41860024,"299,023","301,403","294,798"
2021-07-20,"299,427",46461395,"295,569","300,284","290,360"
2021-07-19,"292,953",63891276,"285,550","293,397","281,651"
2021-07-16,"292,046",49112915,"296,788","297,704","291,131"
2021-07-15,"294,939",60628716,"298,470","301,983","289,172"
2021-07-14,"296,199",64923576,"304,073","307,636","295,954"
2021-07-13,"303,071",62898276,"311,132","314,287","302,054"
2021-07-12,"310,851",77781128,"300,197","311,549","300,180"
2021-07-09,"297,817",54421655,"296,110","298,706","292,259"
2021-07-08,"295,940",68319967,"284,861","296,675","281,275"
2021-07-07,"292,241",56375886,"301,136","301,784","289,372"
2021-07-06,"299,010",69853357,"309,042","310,080","295,301"
2021-07-02,"307,768",81292118,"307,804","317,333","305,211"
2021-07-01,"307,324",55903566,"310,044","311,889","305,003"
2021-06-30,"308,131",56774586,"308,162","314,074","307,423"
2021-06-29,"308,611",52143935,"310,375","311,671","306,403"
2021-06-28,"312,220",64884486,"304,477","314,931","303,878"
2021-06-25,"304,581",97490140,"312,610","314,527","303,144"
2021-06-24,"308,185",137947184,"305,995","316,254","302,650"
2021-06-23,"297,645",93297699,"286,507","297,932","285,618"
2021-06-22,"282,748",57476676,"280,273","284,951","279,027"
2021-06-21,"281,443",74438227,"283,098","286,230","276,026"
2021-06-18,"282,567",73682737,"278,061","284,852","277,349"
2021-06-17,"279,525",68104057,"272,856","281,733","272,607"
2021-06-16,"274,208",66432397,"270,882","275,853","269,053"
2021-06-15,"271,710",53292455,"279,566","279,611","271,198"
2021-06-14,"280,019",61271946,"277,544","283,555","276,162"
2021-06-11,"276,483",48615905,"276,638","277,694","272,689"
2021-06-10,"276,588",71758837,"273,759","279,521","272,227"
2021-06-09,"271,447",49753715,"272,984","277,345","270,926"
2021-06-08,"273,627",78160238,"282,431","282,467","269,960"
2021-06-07,"274,326",67631047,"268,294","276,533","264,239"
2021-06-04,"271,569",72110707,"262,802","272,276","261,664"
2021-06-03,"259,687",90335679,"272,816","274,063","258,953"
2021-06-02,"274,321",69908347,"281,126","282,590","271,610"
2021-06-01,"282,835",54254675,"284,603","287,323","281,316"
2021-05-28,"283,433",68211127,"284,920","288,134","282,146"
2021-05-27,"285,985",79111778,"281,175","286,112","279,348"
2021-05-26,"280,672",85917939,"275,427","283,864","272,680"
2021-05-25,"274,126",84017798,"275,314","278,342","270,055"
2021-05-24,"274,919",103674280,"263,659","278,564","260,055"
2021-05-21,"263,332",78091808,"270,236","270,495","262,933"
2021-05-20,"266,007",92463369,"260,667","266,945","258,885"
2021-05-19,"255,435",118735212,"250,489","256,682","247,964"
2021-05-18,"261,968",110491721,"257,493","270,300","255,399"
2021-05-17,"261,496",96743410,"260,917","267,344","254,411"
2021-05-14,"267,349",100112590,"264,479","268,768","258,608"
2021-05-13,"259,166",132554773,"272,700","274,928","253,708"
2021-05-12,"267,417",101470960,"273,129","281,252","266,000"
2021-05-11,"279,797",139511714,"271,655","284,285","270,005"
2021-05-10,"285,165",94177269,"301,421","301,489","284,516"
2021-05-07,"304,808",70407517,"301,829","312,800","299,300"
2021-05-06,"300,805",83353868,"308,611","308,729","294,667"
2021-05-05,"304,159",65705677,"308,747","310,667","302,527"
2021-05-04,"305,365",89217969,"307,786","309,829","298,158"
2021-05-03,"310,488",81129428,"319,056","320,053","308,493"
2021-04-30,"321,613",122276172,"302,641","324,346","301,983"
2021-04-29,"306,907",86536359,"317,111","318,353","303,053"
2021-04-28,"314,795",66813157,"315,706","321,187","314,432"
2021-04-27,"319,482",88311009,"325,475","328,213","318,852"
2021-04-26,"334,651",93115509,"335,920","339,683","332,114"
2021-04-23,"330,661",85241679,"326,309","334,270","324,342"
2021-04-22,"326,259",106770791,"336,147","341,709","325,511"
2021-04-21,"337,334",93646539,"319,496","337,661","316,427"
2021-04-20,"325,942",106827131,"325,230","334,220","322,177"
2021-04-19,"323,966",119058702,"326,219","328,848","313,616"
2021-04-16,"335,367",83938598,"330,321","339,732","328,485"
2021-04-15,"334,945",83546708,"336,872","337,139","326,994"
2021-04-14,"331,944",147052305,"349,384","353,958","330,040"
2021-04-13,"345,585",133958443,"323,091","345,893","322,166"
2021-04-12,"318,231",87407019,"310,851","319,509","309,214"
2021-04-09,"306,916",64311276,"307,256","308,706","303,475"
2021-04-08,"309,989",71772997,"307,079","312,596","304,479"
2021-04-07,"304,173",78928298,"311,440","313,426","302,754"
2021-04-06,"313,534",84815528,"312,936","315,769","308,888"
2021-04-05,"313,276",125528323,"320,828","321,032","310,397"
2021-04-01,"299,993",105895151,"312,061","313,897","298,937"
2021-03-31,"302,795",100011880,"293,134","304,640","290,636"
2021-03-30,"288,148",118297092,"272,793","289,072","267,924"
2021-03-29,"277,118",85910979,"279,090","279,471","270,196"
2021-03-26,"280,482",101558500,"290,981","291,865","271,950"
2021-03-25,"290,310",117674562,"277,893","292,627","276,307"
2021-03-24,"285,722",101385520,"302,786","302,836","285,650"
2021-03-23,"300,179",91475619,"306,349","307,269","298,071"
2021-03-22,"303,733",118536672,"310,347","317,161","303,167"
2021-03-19,"296,874",128681953,"293,125","297,944","283,161"
2021-03-18,"296,099",100107070,"310,211","312,451","295,573"
2021-03-17,"318,154",121117362,"297,781","319,024","295,124"
2021-03-16,"306,852",96587020,"318,852","320,924","304,187"
2021-03-15,"320,933",88270449,"314,654","323,308","310,098"
2021-03-12,"314,491",100751530,"303,733","315,012","301,983"
2021-03-11,"317,152",108761681,"317,061","318,467","306,988"
2021-03-10,"302,854",181817028,"317,469","325,425","296,960"
2021-03-09,"305,356",202570010,"275,708","307,401","269,828"
2021-03-08,"255,227",155360896,"272,249","281,123","253,318"
2021-03-05,"271,071",268189407,"283,814","284,622","244,569"
2021-03-04,"281,719",197758610,"297,296","396,186","272,000"
2021-03-03,"296,117",90623889,"311,889","317,651","295,440"
2021-03-02,"311,186",71196487,"325,620","326,903","310,533"
2021-03-01,"325,688",81408728,"312,850","395,307","310,556"
2021-02-26,"306,227",123267522,"317,333","320,371","298,978"
2021-02-25,"309,273",117071592,"329,188","334,200","303,996"
2021-02-24,"336,382",110300861,"322,705","337,733","314,690"
2021-02-23,"316,807",199820660,"300,166","323,503","280,613"
2021-02-22,"323,907",111809171,"345,730","348,387","321,957"
2021-02-19,"354,189",56874786,"360,400","361,211","352,408"
2021-02-18,"356,946",53871185,"354,008","360,259","351,909"
2021-02-17,"361,828",78236708,"353,187","362,594","345,444"
2021-02-16,"360,953",59406966,"370,827","372,187","359,239"
2021-02-12,"369,974",71304937,"363,238","370,523","356,016"
2021-02-11,"367,952",64868256,"368,306","376,212","363,449"
2021-02-10,"364,852",108648281,"382,448","382,985","362,676"
2021-02-09,"385,088",45472955,"387,654","389,776","381,593"
2021-02-08,"391,417",60485166,"394,250","397,922","387,487"
2021-02-05,"386,344",55699926,"383,067","392,029","380,333"
2021-02-04,"385,329",47437985,"387,600","388,280","377,817"
2021-02-03,"387,459",55030536,"397,582","398,063","386,723"
2021-02-02,"395,665",73038637,"382,922","399,160","381,798"
2021-02-01,"380,714",76174178,"369,145","381,707","360,654"
2021-01-29,"359,734",104972260,"376,267","381,892","353,645"
2021-01-28,"378,728",79134158,"371,733","384,427","363,120"
2021-01-27,"391,752",82001888,"394,559","404,147","389,259"
2021-01-26,"400,334",69394807,"404,092","406,141","395,125"
2021-01-25,"399,296",123520212,"387,600","408,181","380,265"
2021-01-22,"383,810",60199506,"378,220","384,427","375,641"
2021-01-21,"383,062",61794396,"387,600","387,926","381,444"
2021-01-20,"385,537",76997648,"389,295","389,640","379,567"
2021-01-19,"382,863",76100948,"379,803","385,333","377,627"
2021-01-15,"374,526",116332812,"386,240","389,821","371,325"
2021-01-14,"383,067",93798999,"382,337","391,227","380,233"
2021-01-13,"387,332",99937510,"386,584","390,080","377,173"
2021-01-12,"385,079",138812174,"376,720","393,493","375,061"
2021-01-11,"367,739",178662468,"385,061","387,342","364,309"
2021-01-08,"398,942",225166613,"388,053","400,969","380,070"
2021-01-07,"369,938",154496865,"352,526","370,369","351,424"
2021-01-06,"342,711",134099923,"343,849","350,880","339,592"
2021-01-05,"333,250",96735520,"328,059","335,847","326,037"
2021-01-04,"330,829",145914585,"326,155","337,502","325,126"
2020-12-31,"319,904",148949805,"317,329","325,820","313,308"
2020-12-30,"314,967",128538073,"304,640","315,792","302,990"
2020-12-29,"301,915",68732437,"299,653","303,688","296,933"
2020-12-28,"300,873",96835690,"305,778","308,901","299,563"
2020-12-24,"300,002",68596717,"291,489","301,961","290,587"
2020-12-23,"292,844",99518920,"286,597","295,347","282,232"
2020-12-22,"290,287",155584936,"293,760","294,612","278,451"
2020-12-21,"294,603",174135797,"302,029","303,053","292,885"
2020-12-18,"315,067",666378667,"303,235","315,067","284,938"
2020-12-17,"297,341",168810437,"284,779","298,665","280,840"
2020-12-16,"282,322",126287443,"284,798","286,733","274,267"
2020-12-15,"287,073",135670694,"291,620","293,261","282,789"
2020-12-14,"290,056",156121966,"280,613","291,380","276,624"
2020-12-11,"276,529",139424924,"278,804","282,880","270,549"
2020-12-10,"284,272",201249470,"260,381","284,580","256,741"
2020-12-09,"274,031",213873591,"296,339","296,625","266,560"
2020-12-08,"294,612",192795109,"283,562","295,247","280,387"
2020-12-07,"290,931",168929147,"274,230","294,116","273,383"
2020-12-04,"271,565",88203939,"267,924","271,565","265,427"
2020-12-03,"268,999",127656013,"267,476","271,533","264,035"
2020-12-02,"257,865",143326964,"252,253","259,098","245,348"
2020-12-01,"265,091",121148502,"270,907","271,025","259,329"
2020-11-30,"257,312",189009169,"273,002","275,536","251,378"
2020-11-27,"265,544",112683251,"263,459","271,447","262,231"
2020-11-25,"260,213",146790495,"249,360","260,213","247,234"
2020-11-24,"251,772",160945486,"244,981","253,862","238,544"
2020-11-23,"236,572",150780915,"228,253","238,453","227,478"
2020-11-20,"221,956",98735770,"225,756","227,800","221,707"
2020-11-19,"226,336",187426069,"223,040","230,570","221,032"
2020-11-18,"220,610",234132083,"203,252","224,853","201,053"
2020-11-17,"200,196",183564858,"208,610","209,440","196,298"
2020-11-16,"185,001",80515928,"185,382","186,977","183,186"
2020-11-13,"185,187",59491056,"186,252","187,014","182,086"
2020-11-12,"186,664",59821506,"188,156","191,760","185,649"
2020-11-11,"189,099",52073165,"188,791","189,808","186,130"
2020-11-10,"186,030",90852669,"190,441","190,441","179,534"
2020-11-09,"190,971",104499100,"199,240","205,133","190,853"
2020-11-06,"194,911",65118037,"197,699","197,912","192,340"
2020-11-05,"198,601",85243569,"194,163","199,467","192,213"
2020-11-04,"190,844",96429190,"195,214","197,381","189,085"
2020-11-03,"192,168",103055170,"185,744","193,922","184,366"
2020-11-02,"181,564",87063369,"178,613","184,498","177,843"
2020-10-30,"175,912",127762933,"184,459","184,775","171,863"
2020-10-29,"186,243",67965937,"185,848","189,520","184,262"
2020-10-28,"184,062",76354238,"188,804","189,765","184,053"
2020-10-27,"192,522",68059537,"192,104","195,160","190,445"
2020-10-26,"190,527",84717488,"186,606","193,011","185,867"
2020-10-23,"190,686",101150950,"191,234","191,708","184,679"
2020-10-22,"193,025",119979582,"200,337","201,838","192,444"
2020-10-21,"191,597",97111390,"191,624","196,271","190,967"
2020-10-20,"191,280",94968879,"195,727","195,727","189,969"
2020-10-19,"195,310",108863531,"202,296","202,640","194,421"
2020-10-16,"199,317",98327650,"206,013","206,697","198,945"
2020-10-15,"203,492",107017061,"204,140","206,978","200,600"
2020-10-14,"209,123",144136184,"203,900","211,208","202,799"
2020-10-13,"202,481",103391020,"200,985","203,497","197,925"
2020-10-12,"200,509",116373402,"200,373","203,429","198,823"
2020-10-09,"196,747",86776989,"194,992","197,014","193,329"
2020-10-08,"193,084",121263372,"198,760","199,013","192,803"
2020-10-07,"192,803",129383143,"190,341","194,888","187,610"
2020-10-06,"187,671",147438795,"192,118","194,380","184,076"
2020-10-05,"192,975",134168383,"191,919","196,584","190,096"
2020-10-02,"188,174",214290111,"191,030","199,072","188,133"
2020-10-01,"203,166",152224365,"199,811","203,492","196,937"
2020-09-30,"194,484",144436724,"190,998","196,715","190,613"
2020-09-29,"189,978",151024215,"188,587","194,253","186,592"
2020-09-28,"190,944",149158695,"192,494","194,063","188,383"
2020-09-25,"184,661",201625400,"178,373","185,292","177,389"
2020-09-24,"175,798",289683209,"164,923","181,107","159,256"
2020-09-23,"172,430",285222569,"183,672","186,841","170,399"
2020-09-22,"192,318",238742424,"194,752","198,451","189,312"
2020-09-21,"203,724",328430433,"205,419","206,575","184,538"
2020-09-18,"200,441",259220486,"203,066","204,453","194,389"
2020-09-17,"191,955",230337503,"188,405","198,465","184,960"
2020-09-16,"200,264",217640302,"199,408","207,532","197,340"
2020-09-15,"203,891",291894719,"197,907","209,413","195,251"
2020-09-14,"190,228",249061855,"172,697","190,400","169,229"
2020-09-11,"168,966",182152398,"173,146","173,400","163,427"
2020-09-10,"168,341",254791855,"175,082","180,876","163,454"
2020-09-09,"166,047",238397334,"161,659","167,280","154,818"
2020-09-08,"149,695",346397135,"161,387","167,162","149,546"
2020-09-04,"189,638",330965733,"182,607","194,027","168,649"
2020-09-03,"184,507",262788296,"184,611","195,749","182,240"
2020-09-02,"202,808",288528419,"217,142","217,165","183,655"
2020-09-01,"215,356",270358287,"227,637","227,795","213,298"
2020-08-31,"225,905",355123236,"201,556","226,730","199,516"
2020-08-28,"200,682",301217549,"208,091","210,210","198,245"
2020-08-27,"202,980",355395422,"197,695","208,135","194,253"
2020-08-26,"195,221",213590593,"186,773","196,384","186,196"
2020-08-25,"183,450",159883270,"179,057","183,868","178,432"
2020-08-24,"182,621",300954150,"192,782","193,029","174,762"
2020-08-21,"185,865",322343239,"185,392","189,991","183,605"
2020-08-20,"181,499",309176845,"168,702","183,327","168,374"
2020-08-19,"170,320",183079858,"169,093","173,264","166,936"
2020-08-18,"171,096",247117226,"172,175","174,434","167,290"
2020-08-17,"166,431",303634648,"152,048","167,358","151,670"
2020-08-14,"149,664",188664056,"150,959","151,305","147,482"
2020-08-13,"146,971",306379497,"146,064","149,707","142,098"
2020-08-12,"140,965",328482286,"133,280","143,707","130,107"
2020-08-11,"124,611",129387445,"126,571","128,747","123,760"
2020-08-10,"128,617",112833904,"131,285","132,147","125,650"
2020-08-07,"131,712",133446233,"135,958","135,977","128,294"
2020-08-06,"135,055",89884650,"135,169","137,570","133,938"
2020-08-05,"134,642",74670188,"135,364","135,985","133,127"
2020-08-04,"134,821",126224787,"135,548","138,485","132,555"
2020-08-03,"134,640",132140124,"131,394","136,890","130,958"
2020-07-31,"129,722",183704308,"137,360","137,546","128,836"
2020-07-30,"134,866",114315528,"134,912","137,200","133,371"
2020-07-29,"135,919",141403324,"136,091","139,156","134,821"
2020-07-28,"133,868",237130381,"136,363","141,866","133,681"
2020-07-27,"139,591",240729930,"130,107","140,347","128,112"
2020-07-24,"128,475",290949155,"128,385","132,827","123,900"
2020-07-23,"137,185",364927318,"152,225","153,136","134,256"
2020-07-22,"144,371",212416094,"144,976","147,462","141,621"
2020-07-21,"142,198",242359079,"148,687","151,867","141,259"
2020-07-20,"148,965",256820422,"137,724","149,600","134,912"
2020-07-17,"136,076",139949510,"137,220","139,401","135,093"
2020-07-16,"136,058",214511743,"133,929","138,875","132,917"
2020-07-15,"140,172",245517327,"139,899","140,533","132,101"
2020-07-14,"137,523",351271924,"141,077","144,160","129,744"
2020-07-13,"135,733",584780108,"150,416","162,746","133,381"
2020-07-10,"140,048",350063075,"126,571","140,435","124,758"
2020-07-09,"126,415",175763912,"126,660","127,709","122,516"
2020-07-08,"123,840",244669528,"127,387","128,498","118,895"
2020-07-07,"126,014",322344739,"127,388","129,608","121,195"
2020-07-06,"124,357",308547746,"115,753","124,920","114,788"
2020-07-02,"109,585",258751671,"110,748","111,339","107,494"
2020-07-01,"101,513",199903400,"98,192","102,937","97,965"
2020-06-30,"97,903",253777373,"91,256","98,617","91,005"
2020-06-29,"91,514",135395992,"87,857","91,573","85,999"
2020-06-26,"87,016",132823554,"90,193","90,213","86,575"
2020-06-25,"89,396",138818166,"86,520","89,396","84,968"
2020-06-24,"87,117",164393768,"90,133","90,747","86,418"
2020-06-23,"90,828",95479017,"90,565","91,755","90,124"
2020-06-22,"90,152",95435202,"90,662","91,472","89,762"
2020-06-19,"90,748",130196170,"91,825","92,115","89,882"
2020-06-18,"91,026",146278967,"90,939","92,408","90,165"
2020-06-17,"89,922",148361926,"89,552","91,120","89,087"
2020-06-16,"89,047",210766095,"91,741","91,835","87,257"
2020-06-15,"89,842",235457582,"83,213","90,562","82,371"
2020-06-12,"84,799",251450424,"88,853","89,577","82,742"
2020-06-11,"88,204",238747081,"89,778","92,386","88,128"
2020-06-10,"92,938",278451011,"89,931","93,158","89,080"
2020-06-09,"85,288",170822165,"85,228","86,536","83,770"
2020-06-08,"86,126",212620844,"83,323","86,133","82,431"
2020-06-05,"80,300",117178696,"79,591","80,378","78,536"
2020-06-04,"78,371",133315628,"80,683","81,215","77,832"
2020-06-03,"80,055",119241975,"80,523","81,413","79,796"
2020-06-02,"79,928",203483898,"81,120","82,385","78,971"
2020-06-01,"81,428",226279387,"77,792","81,509","77,438"
2020-05-29,"75,707",177187261,"73,327","75,707","72,915"
2020-05-28,"73,060",109136555,"73,758","74,777","72,687"
2020-05-27,"74,368",173242863,"74,425","75,046","71,173"
2020-05-26,"74,244",121345979,"75,661","75,670","73,957"
2020-05-22,"74,064",149812050,"74,544","75,415","73,621"
2020-05-21,"75,036",183818608,"73,984","75,480","72,171"
2020-05-20,"73,944",109639010,"74,392","74,891","73,603"
2020-05-19,"73,260",144547758,"73,909","74,534","73,085"
2020-05-18,"73,769",175471412,"75,052","75,681","72,885"
2020-05-15,"72,458",157776371,"71,658","72,991","71,314"
2020-05-14,"72,835",205232747,"70,720","72,838","69,269"
2020-05-13,"71,714",285982207,"74,422","74,891","69,206"
2020-05-12,"73,387",238603531,"74,981","76,458","73,259"
2020-05-11,"73,557",247793876,"71,673","74,709","71,173"
2020-05-08,"74,294",241951229,"71,968","74,709","71,356"
2020-05-07,"70,724",172915264,"70,467","72,207","70,026"
2020-05-06,"70,954",166848367,"70,403","71,609","69,007"
2020-05-05,"69,651",254874773,"71,608","72,436","69,104"
2020-05-04,"69,015",288556206,"63,557","69,088","63,285"
2020-05-01,"63,586",487976906,"68,453","70,064","61,929"
2020-04-30,"70,891",427077536,"77,537","78,864","69,224"
2020-04-29,"72,580",243239578,"71,642","72,824","71,007"
2020-04-28,"69,734",228329286,"72,138","72,987","68,607"
2020-04-27,"72,420",310221445,"66,877","72,487","66,640"
2020-04-24,"65,747",198564051,"64,447","66,253","63,302"
2020-04-23,"63,977",198550401,"65,969","66,549","63,751"
2020-04-22,"66,378",213372343,"63,828","66,549","62,443"
2020-04-21,"62,263",303136198,"66,198","68,302","61,090"
2020-04-20,"67,670",221195439,"66,432","69,412","64,574"
2020-04-17,"68,353",196923352,"70,020","70,262","67,788"
2020-04-16,"67,566",309867745,"65,003","68,857","64,076"
2020-04-15,"66,171",353654823,"67,275","68,284","64,373"
2020-04-14,"64,363",458647421,"63,373","67,264","62,780"
2020-04-13,"59,020",337131131,"53,508","59,115","52,635"
2020-04-09,"51,952",204749898,"50,963","52,150","50,511"
2020-04-08,"49,762",189840205,"50,248","50,520","48,355"
2020-04-07,"49,454",268796566,"49,413","51,227","48,266"
2020-04-06,"46,806",223527488,"46,349","47,237","45,148"
2020-04-03,"43,521",338431031,"46,195","46,738","42,467"
2020-04-02,"41,205",297876301,"43,613","44,813","40,474"
2020-04-01,"43,661",200297600,"45,696","46,599","43,076"
2020-03-31,"47,509",266572217,"45,447","49,228","45,061"
2020-03-30,"45,527",179970960,"46,264","46,843","44,538"
2020-03-27,"46,635",215661042,"45,787","47,673","44,792"
2020-03-26,"47,887",261331069,"49,630","50,773","46,444"
2020-03-25,"48,892",318341091,"49,436","50,501","46,341"
2020-03-24,"45,787",343427378,"43,275","46,575","42,976"
2020-03-23,"39,376",246818127,"39,313","40,075","37,219"
2020-03-20,"38,763",424282288,"39,730","43,248","38,605"
2020-03-19,"38,773",452931674,"33,973","40,981","32,500"
2020-03-18,"32,751",356792222,"35,269","36,707","31,780"
2020-03-17,"39,005",359918520,"39,894","42,781","35,904"
2020-03-16,"40,353",307341746,"42,568","44,868","40,090"
2020-03-13,"49,560",339603580,"53,947","55,086","45,515"
2020-03-12,"50,823",283635608,"52,667","53,901","49,527"
2020-03-11,"57,504",201203749,"58,045","59,258","55,579"
2020-03-10,"58,510",233916483,"59,788","60,565","55,125"
2020-03-09,"55,125",256105972,"54,889","60,112","54,853"
2020-03-06,"63,782",189943705,"62,560","64,101","62,040"
2020-03-05,"65,692",162789819,"65,622","67,615","65,105"
2020-03-04,"67,955",225734587,"69,266","69,498","65,709"
2020-03-03,"67,593",386759807,"72,987","73,166","64,927"
2020-03-02,"67,422",302924699,"64,488","67,428","62,258"
2020-02-28,"60,564",368462366,"57,093","62,607","55,444"
2020-02-27,"61,563",364157218,"66,187","67,072","60,656"
2020-02-26,"70,611",212307494,"70,947","73,740","70,367"
2020-02-25,"72,525",259357070,"76,976","77,665","71,355"
2020-02-24,"75,597",227882286,"76,069","78,291","74,546"
2020-02-21,"81,691",215091642,"82,233","82,784","79,828"
2020-02-20,"81,547",264523218,"82,684","82,688","77,968"
2020-02-19,"83,180",381344209,"83,731","85,660","81,692"
2020-02-18,"77,828",250475425,"76,305","77,973","75,467"
2020-02-14,"72,536",235405532,"71,375","73,709","71,219"
2020-02-13,"72,896",394340053,"67,260","74,165","66,640"
2020-02-12,"69,568",180336960,"70,527","71,604","69,212"
2020-02-11,"70,211",175461962,"69,704","71,038","68,725"
2020-02-10,"69,929",370337215,"72,533","74,346","68,218"
2020-02-07,"67,825",255952672,"66,237","69,791","66,187"
2020-02-06,"67,906",598210951,"63,460","72,155","62,288"
2020-02-05,"66,613",726357237,"74,642","76,702","63,839"
2020-02-04,"80,427",914080943,"80,055","87,855","75,605"
2020-02-03,"70,720",708502146,"61,081","71,277","61,066"
2020-01-31,"58,985",235788932,"58,027","59,205","57,348"
2020-01-30,"58,100",435084982,"57,340","59,013","56,032"
2020-01-29,"52,676",273249913,"52,196","53,475","51,447"
2020-01-28,"51,399",176827262,"51,543","52,297","50,599"
2020-01-27,"50,594",204120948,"49,140","51,176","48,895"
2020-01-24,"51,210",215303892,"51,737","52,030","50,253"
2020-01-23,"51,880",294765453,"51,159","52,768","50,375"
2020-01-22,"51,640",470535215,"51,851","53,901","50,692"
2020-01-21,"49,613",267051916,"48,076","49,738","47,909"
2020-01-17,"46,285",204435948,"46,023","46,754","45,620"
2020-01-16,"46,556",326049587,"44,767","46,644","44,623"
2020-01-15,"47,011",260532320,"48,032","48,764","46,855"
2020-01-14,"48,772",435920482,"49,346","49,632","47,591"
2020-01-13,"47,587",399518050,"44,744","47,657","44,608"
2020-01-10,"43,352",194652353,"43,682","43,968","42,949"
2020-01-09,"43,641",426947637,"45,070","45,224","42,874"
2020-01-08,"44,621",467990616,"42,949","45,196","42,453"
2020-01-07,"42,528",273136963,"41,834","42,761","41,104"
2020-01-06,"40,940",152362424,"39,936","40,941","39,893"
2020-01-03,"40,166",266920367,"39,939","41,163","39,614"
2020-01-02,"39,010",143375718,"38,488","39,050","38,235"
2019-12-31,"37,929",154386823,"36,720","38,197","36,455"
2019-12-30,"37,600",189018955,"38,877","38,896","37,106"
2019-12-27,"39,021",149352330,"39,440","39,468","38,634"
2019-12-26,"39,072",159724270,"38,797","39,302","38,656"
2019-12-24,"38,556",120820740,"37,931","38,576","37,417"
2019-12-23,"38,009",199992200,"37,335","38,262","37,173"
2019-12-20,"36,773",221778039,"37,200","37,445","36,283"
2019-12-19,"36,633",271804514,"36,024","36,888","35,949"
2019-12-18,"35,646",212045744,"34,510","35,833","34,506"
2019-12-17,"34,362",127556561,"34,362","34,952","34,082"
2019-12-16,"34,589",273313963,"32,871","34,781","32,867"
2019-12-13,"32,494",98614166,"32,735","33,112","32,154"
2019-12-12,"32,611",116643107,"32,179","32,888","32,026"
2019-12-11,"31,978",103787378,"31,903","32,385","31,832"
2019-12-10,"31,628",132599199,"30,823","31,800","30,764"
2019-12-09,"30,784",135603187,"30,517","31,230","30,381"
2019-12-06,"30,454",114283998,"30,373","30,723","30,352"
2019-12-05,"29,954",56054612,"30,177","30,321","29,671"
2019-12-04,"30,195",83043783,"30,623","30,633","30,178"
2019-12-03,"30,482",99202090,"30,158","30,637","30,118"
2019-12-02,"30,362",91229744,"29,866","30,499","29,801"
2019-11-29,"29,915",36984417,"30,021","30,034","29,693"
2019-11-27,"30,037",83451843,"30,022","30,276","29,790"
2019-11-26,"29,822",119343525,"30,398","30,419","29,657"
2019-11-25,"30,495",185186457,"31,218","31,241","30,324"
2019-11-22,"30,196",253059473,"30,841","30,917","29,920"
2019-11-21,"32,171",91650149,"32,142","32,716","32,096"
2019-11-20,"31,935",101009424,"32,640","32,749","31,694"
2019-11-19,"32,596",116041112,"31,892","32,639","31,534"
2019-11-18,"31,732",66127542,"31,998","32,019","31,380"
2019-11-15,"31,930",72188409,"31,791","31,987","31,585"
2019-11-14,"31,674",97075496,"31,381","32,081","31,091"
2019-11-13,"31,381",127017881,"32,187","32,307","31,296"
2019-11-12,"31,727",110390690,"31,452","31,767","31,193"
2019-11-11,"31,288",149905260,"31,185","31,660","31,008"
2019-11-08,"30,567",91113269,"30,328","30,596","30,147"
2019-11-07,"30,422",217010141,"29,842","30,963","29,740"
2019-11-06,"29,610",119113920,"28,832","29,623","28,515"
2019-11-05,"28,761",104151203,"28,979","29,332","28,661"
2019-11-04,"28,784",131805534,"28,542","29,189","28,040"
2019-11-01,"28,407",95758887,"28,680","28,694","28,088"
2019-10-31,"28,553",76004302,"28,388","28,923","28,379"
2019-10-30,"28,561",144627078,"28,379","28,904","28,104"
2019-10-29,"28,671",190263955,"29,012","29,403","28,537"
2019-10-28,"29,712",283054208,"29,697","30,903","29,249"
2019-10-25,"29,750",450091125,"26,993","29,920","26,847"
2019-10-24,"27,171",447288226,"27,052","27,647","26,221"
2019-10-23,"23,091",168242616,"23,075","23,223","22,789"
2019-10-22,"23,173",69376390,"23,058","23,422","22,744"
2019-10-21,"22,984",76621477,"23,422","23,528","22,683"
2019-10-18,"23,297",86304947,"23,637","23,827","23,129"
2019-10-17,"23,752",71685609,"23,800","24,007","23,589"
2019-10-16,"23,551",100564495,"23,337","23,764","23,294"
2019-10-15,"23,382",97191791,"23,365","23,573","23,040"
2019-10-14,"23,298",153402823,"22,476","23,442","22,406"
2019-10-11,"22,475",127322321,"22,408","22,765","22,377"
2019-10-10,"22,190",94701208,"22,239","22,601","21,903"
2019-10-09,"22,171",104025443,"21,880","22,421","21,819"
2019-10-08,"21,764",130535005,"21,386","22,117","21,261"
2019-10-07,"21,553",121304294,"20,835","21,629","20,722"
2019-10-04,"20,983",120317640,"20,999","21,287","20,678"
2019-10-03,"21,128",227066286,"21,022","21,260","20,335"
2019-10-02,"22,044",93848173,"22,058","22,182","21,708"
2019-10-01,"22,185",92944304,"21,896","22,300","21,681"
2019-09-30,"21,839",89192370,"22,032","22,121","21,407"
2019-09-27,"21,953",166847617,"21,960","22,550","21,645"
2019-09-26,"21,992",181181759,"20,913","22,060","20,618"
2019-09-25,"20,736",141664219,"20,360","20,761","19,798"
2019-09-24,"20,238",194116553,"21,898","21,940","20,183"
2019-09-23,"21,872",65874417,"21,760","22,230","21,689"
2019-09-20,"21,816",97593911,"22,348","22,390","21,593"
2019-09-19,"22,358",73246988,"22,304","22,480","22,199"
2019-09-18,"22,076",63421513,"22,213","22,501","21,975"
2019-09-17,"22,194",59203605,"21,984","22,268","21,794"
2019-09-16,"22,015",70921405,"22,304","22,434","21,866"
2019-09-13,"22,232",79697135,"22,391","22,526","22,201"
2019-09-12,"22,292",128718086,"22,458","22,984","22,159"
2019-09-11,"22,404",150641625,"21,522","22,501","21,397"
2019-09-10,"21,356",73255673,"20,926","21,356","20,757"
2019-09-09,"21,016",72039999,"20,853","21,194","20,784"
2019-09-06,"20,622",62840549,"20,600","20,821","20,415"
2019-09-05,"20,815",111049774,"20,173","20,835","20,024"
2019-09-04,"20,008",86530397,"20,571","20,714","19,875"
2019-09-03,"20,401",80408150,"20,317","20,758","20,233"
2019-08-30,"20,455",139916555,"20,776","21,075","20,329"
2019-08-29,"20,102",77746521,"19,856","20,255","19,765"
2019-08-28,"19,547",48579351,"19,375","19,697","19,249"
2019-08-27,"19,410",81310864,"19,560","19,838","19,224"
2019-08-26,"19,493",75816172,"19,366","19,495","19,180"
2019-08-23,"19,167",128395496,"19,944","20,053","19,131"
2019-08-22,"20,142",98474411,"20,200","20,436","19,785"
2019-08-21,"20,022",116996102,"20,129","20,239","19,729"
2019-08-20,"20,478",62557874,"20,638","20,771","20,358"
2019-08-19,"20,566",79676180,"20,328","20,657","20,101"
2019-08-16,"19,941",78110601,"19,644","20,150","19,586"
2019-08-15,"19,551",123479218,"20,025","20,088","19,180"
2019-08-14,"19,912",143438793,"20,963","20,989","19,647"
2019-08-13,"21,307",73034933,"20,745","21,397","20,631"
2019-08-12,"20,764",69959020,"21,124","21,376","20,740"
2019-08-09,"21,308",58473631,"21,402","21,666","21,199"
2019-08-08,"21,606",79115195,"21,257","21,742","21,094"
2019-08-07,"21,163",71647464,"20,536","21,177","20,472"
2019-08-06,"20,921",83462958,"21,024","21,080","20,468"
2019-08-05,"20,701",105424132,"20,817","20,977","20,470"
2019-08-02,"21,247",92047169,"20,976","21,422","20,784"
2019-08-01,"21,202",123892678,"22,000","22,169","21,014"
2019-07-31,"21,906",137673051,"22,032","22,366","21,456"
2019-07-30,"21,965",121635149,"21,116","22,065","21,051"
2019-07-29,"21,376",139099895,"20,589","21,392","20,494"
2019-07-26,"20,676",150415425,"20,574","20,877","20,151"
2019-07-25,"20,746",336273582,"21,171","21,261","20,450"
2019-07-24,"24,016",166092517,"23,498","24,124","23,407"
2019-07-23,"23,589",75346777,"23,275","23,617","23,075"
2019-07-22,"23,182",102694044,"23,460","23,769","23,047"
2019-07-19,"23,408",105726097,"23,183","23,570","23,086"
2019-07-18,"22,988",71467209,"23,124","23,188","22,838"
2019-07-17,"23,107",146470832,"23,181","23,420","22,970"
2019-07-16,"22,882",122234774,"22,603","22,987","22,479"
2019-07-15,"22,984",165001267,"22,485","23,067","22,201"
2019-07-12,"22,221",138007746,"21,737","22,248","21,734"
2019-07-11,"21,633",112716394,"21,591","21,896","21,379"
2019-07-10,"21,662",137185971,"21,230","21,664","21,138"
2019-07-09,"20,859",92862479,"20,760","20,944","20,607"
2019-07-08,"20,884",88208086,"20,966","21,057","20,732"
2019-07-05,"21,134",105986017,"21,268","21,348","20,926"
2019-07-03,"21,298",213017143,"21,705","21,902","21,262"
2019-07-02,"20,359",138885336,"20,753","20,776","20,148"
2019-07-01,"20,597",123569398,"20,872","21,134","20,516"
2019-06-28,"20,260",102770709,"20,036","20,415","20,019"
2019-06-27,"20,204",95095602,"19,897","20,210","19,706"
2019-06-26,"19,880",127608056,"19,975","20,602","19,774"
2019-06-25,"19,925",92731019,"20,345","20,431","19,900"
2019-06-24,"20,277",86261522,"20,240","20,478","20,039"
2019-06-21,"20,115",123031108,"19,604","20,144","19,539"
2019-06-20,"19,912",177951811,"20,219","20,572","19,616"
2019-06-19,"20,530",98626976,"20,410","20,651","20,043"
2019-06-18,"20,376",190736755,"20,737","21,283","20,179"
2019-06-17,"20,403",184751908,"19,537","20,581","19,427"
2019-06-14,"19,486",111500974,"19,153","19,643","19,076"
2019-06-13,"19,395",122523839,"19,074","19,484","18,814"
2019-06-12,"18,973",227962986,"20,214","20,253","18,949"
2019-06-11,"19,684",174803013,"19,869","20,028","19,357"
2019-06-10,"19,301",158775521,"19,063","19,669","18,950"
2019-06-07,"18,541",240052830,"18,587","19,117","18,451"
2019-06-06,"18,673",303632098,"18,536","19,131","18,296"
2019-06-05,"17,824",202661299,"18,014","18,249","17,394"
2019-06-04,"17,553",207112696,"16,420","17,588","16,285"
2019-06-03,"16,227",195966052,"16,820","16,926","16,047"
2019-05-31,"16,788",156100872,"16,782","17,220","16,692"
2019-05-30,"17,065",118897066,"17,113","17,431","16,956"
2019-05-29,"17,214",179529510,"16,964","17,443","16,777"
2019-05-28,"17,109",154693423,"17,336","17,680","17,032"
2019-05-24,"17,284",212048444,"18,118","18,132","17,113"
2019-05-23,"17,724",398206901,"17,620","18,085","16,884"
2019-05-22,"17,474",280277710,"18,052","18,491","17,388"
2019-05-21,"18,594",270058365,"17,930","18,804","17,774"
2019-05-20,"18,619",307892846,"18,387","18,677","17,703"
2019-05-17,"19,133",266799917,"20,124","20,150","18,942"
2019-05-16,"20,702",112249039,"20,807","20,944","20,536"
2019-05-15,"21,030",109439585,"20,792","21,075","20,423"
2019-05-14,"21,063",108786126,"20,790","21,261","20,672"
2019-05-13,"20,582",162521919,"21,036","21,077","20,355"
2019-05-10,"21,716",105124987,"21,737","21,940","21,399"
2019-05-09,"21,940",100670680,"21,941","22,094","21,483"
2019-05-08,"22,199",92646554,"22,389","22,721","22,141"
2019-05-07,"22,400",151971074,"23,283","23,320","22,222"
